{"precision": 0.9950083194675541, "recall": 0.9692058346839546, "f1_score": 0.9819376026272578, "auc": 0.9990383699836526, "test_accuracy": 98.52612773559625, "test_loss": 0.06844335049390793, "specificity": 0.9965740388275599, "confusion_matrix": [[2618, 9], [57, 1794]]}