{"precision": 0.9895027624309393, "recall": 0.9675850891410048, "f1_score": 0.9784211963944277, "auc": 0.998492774510306, "test_accuracy": 98.2358195623046, "test_loss": 0.07869169861078262, "specificity": 0.9927674153026266, "confusion_matrix": [[2608, 19], [60, 1791]]}