{"precision": 0.9938888888888889, "recall": 0.9665045921123717, "f1_score": 0.9800054779512463, "auc": 0.9983728792366682, "test_accuracy": 98.36980794997767, "test_loss": 0.08223932981491089, "specificity": 0.9958127141225733, "confusion_matrix": [[2616, 11], [62, 1789]]}