{"precision": 0.9944812362030905, "recall": 0.9735278227984873, "f1_score": 0.9838929838929839, "auc": 0.9989604277731746, "test_accuracy": 98.68244752121484, "test_loss": 0.06958722323179245, "specificity": 0.9961933764750666, "confusion_matrix": [[2617, 10], [49, 1802]]}