{"precision": 0.0, "recall": 0.0, "f1_score": 0.0, "auc": 0.5, "test_accuracy": 49.50617283950617, "test_loss": 0.693615734577179, "specificity": 1.0, "confusion_matrix": [[401, 0], [409, 0]]}