{"precision": 0.8130081300813008, "recall": 0.7334963325183375, "f1_score": 0.7712082262210797, "auc": 0.8688852441024577, "test_accuracy": 78.02469135802468, "test_loss": 0.6017938256263733, "specificity": 0.827930174563591, "confusion_matrix": [[332, 69], [109, 300]]}