{"precision": 0.8089887640449438, "recall": 0.7041564792176039, "f1_score": 0.7529411764705882, "auc": 0.8417769756537752, "test_accuracy": 76.66666666666667, "test_loss": 1.2624695301055908, "specificity": 0.830423940149626, "confusion_matrix": [[333, 68], [121, 288]]}