{"precision": 0.7352112676056338, "recall": 0.6381418092909535, "f1_score": 0.6832460732984293, "auc": 0.797809876287277, "test_accuracy": 70.12345679012346, "test_loss": 1.7795714139938354, "specificity": 0.7655860349127181, "confusion_matrix": [[307, 94], [148, 261]]}