{"precision": 0.3345323741007194, "recall": 0.3069306930693069, "f1_score": 0.32013769363166955, "auc": 0.5301484899621184, "test_accuracy": 59.10973084886129, "test_loss": 1.9462571144104004, "specificity": 0.7209653092006033, "confusion_matrix": [[478, 185], [210, 93]]}