{"precision": 0.2901960784313726, "recall": 0.24422442244224424, "f1_score": 0.26523297491039427, "auc": 0.4882049290901941, "test_accuracy": 57.55693581780539, "test_loss": 3.2220299243927, "specificity": 0.726998491704374, "confusion_matrix": [[482, 181], [229, 74]]}