{"precision": 0.0, "recall": 0.0, "f1_score": 0.0, "auc": 0.5302654699859126, "test_accuracy": 68.63354037267081, "test_loss": 0.6866410970687866, "specificity": 1.0, "confusion_matrix": [[663, 0], [303, 0]]}