{"precision": 0.3502824858757062, "recall": 0.20462046204620463, "f1_score": 0.25833333333333336, "auc": 0.5265395317812325, "test_accuracy": 63.14699792960663, "test_loss": 1.706054925918579, "specificity": 0.8265460030165912, "confusion_matrix": [[548, 115], [241, 62]]}