{"precision": 0.6432432432432432, "recall": 1.0, "f1_score": 0.7828947368421053, "auc": 0.6611121721415839, "confusion_matrix": [[0, 132], [0, 238]]}