{"precision": 0.925, "recall": 0.9327731092436975, "f1_score": 0.9288702928870293, "auc": 0.9631079704609116, "confusion_matrix": [[114, 18], [16, 222]]}