{"precision": 0.9545454545454546, "recall": 0.9705882352941176, "f1_score": 0.9625, "auc": 0.9867583396995162, "confusion_matrix": [[121, 11], [7, 231]]}