{"precision": 0.9497907949790795, "recall": 0.9537815126050421, "f1_score": 0.9517819706498952, "auc": 0.9842755283931754, "confusion_matrix": [[120, 12], [11, 227]]}