{"precision": 0.8189602446483181, "recall": 0.8332296204107031, "f1_score": 0.8260333127698951, "auc": 0.8973682398844138, "test_accuracy": 81.19373124374792, "test_loss": 0.48929062485694885, "specificity": 0.7873563218390804, "confusion_matrix": [[1096, 296], [268, 1339]]}