{"precision": 0.7954022988505747, "recall": 0.8612321095208463, "f1_score": 0.8270092620256947, "auc": 0.8924175124634324, "test_accuracy": 80.69356452150717, "test_loss": 0.4819575548171997, "specificity": 0.7442528735632183, "confusion_matrix": [[1036, 356], [223, 1384]]}