{"precision": 0.9661016949152542, "recall": 0.14187927815805848, "f1_score": 0.24742268041237114, "auc": 0.8554617370841647, "test_accuracy": 53.751250416805604, "test_loss": 1.055077075958252, "specificity": 0.9942528735632183, "confusion_matrix": [[1384, 8], [1379, 228]]}