{"precision": 0.9787234042553191, "recall": 0.22899813316739265, "f1_score": 0.37115481593545135, "auc": 0.8744344963485899, "test_accuracy": 58.41947315771924, "test_loss": 1.9919432401657104, "specificity": 0.9942528735632183, "confusion_matrix": [[1384, 8], [1239, 368]]}